{"share\\partial.txt": {"name": "share\\partial.txt", "mtime1": 1608523431.8794074, "state": 0, "size": 10000}, "share\\test.txt": {"name": "share\\test.txt", "mtime1": 1608524784.73963, "state": 0, "size": 424673280}, "share/test.txt": {"name": "share/test.txt", "mtime1": 1608599227.938524, "state": 0, "size": 1162944224}, "share\\test - Copy.txt": {"name": "share\\test - Copy.txt", "mtime1": 1608525149.0406878, "state": 0, "size": 191889408}, "share/test - Copy.txt": {"name": "share/test - Copy.txt", "mtime1": 1608599238.6149232, "state": 0, "size": 1162944224}}